Key,Type,Desc,English,Chinese,ChineseTraditional,Japanese
1,Text,,"Hello, I’m Corki.",你好，我是柯奇。,你好，我是柯奇。,こんにちは、私はコルキです。
2,Text,,"Hi, Corki.",柯奇，你好。,柯奇，你好。,コルキ、こんにちは。
3,Text,,He is the famous detective.,他是大名鼎鼎的大侦探,他是大名鼎鼎的大偵探。,彼は大名鼎鼎の名探偵です。
4,Text,,Someone needs help. Let's go!,有人需要帮助，快去看看。,有人需要幫助，快去看看。,誰かが助けを必要としているよ、早く見に行こう！
5,Text,,What trouble has Paopao gotten into?,银渐层炮炮遇到了什么烦恼？,銀漸層炮炮遇到了什麽煩惱？,シルバーシェードのバブルは何か困っているのかな？
6,Text,,PaoPao: My freeze-dried food is missing!,炮炮：我的冻干不见啦。,炮炮：我的凍乾不見啦。,パオパオ：私のフリーズドライがなくなっちゃった！
7,Text,,Corki: I have a plan!,柯奇：我有办法！,柯奇：我有辦法！,コルキ：私には方法がある！
8,Text,,So that’s what happened!,原来是这样！,原來是這樣！,なるほど、そういうことだったんだ！
9,Text,,PaoPao's owner has left.,炮炮主人出门了,炮炮主人出門了,パオパオのご主人は出かけました。
10,Text,,PaoPao hid the freeze-dried food under the sofa.,炮炮把冻干藏到了沙发下,炮炮把凍乾藏到了沙發下,パオパオはフリーズドライをソファの下に隠しました。
11,Text,,PaoPao is asleep.,炮炮睡着了。,炮炮睡着了。,パオパオは寝てしまった。
12,Text,,The cleaning robot appeared.,扫地机器人出现了。,掃地機器人出現了。,掃除ロボットが現れた。
13,Text,,There’s no freeze-dried food thief at all!,根本就没有冻干大盗！,根本就沒有凍乾大盜！,フリーズドライ泥棒なんていなかったんだ！
14,Text,,It was the cleaning robot that mistook the freeze-dried food for trash and cleaned it up!,是扫地机器人把冻干当成垃圾清理了！,是掃地機器人把凍乾當成垃圾清理了！,掃除ロボットがフリーズドライをゴミと間違えて掃除してしまった！
15,Text,,"Corki, you’re amazing!",柯奇你真厉害。,柯奇你真厲害。,コルキ、すごい！
16,Text,,"Corki, you truly are a great detective!",柯奇你不愧是大侦探。,柯奇你不愧是大偵探。,コルキ、さすが名探偵だ！
17,Text,,"Thank you, Corki.",谢谢你柯奇。,謝謝你柯奇。,ありがとう、コルキ。
18,Text,,"Hello,Corki",你好，柯奇,你好，柯奇,こんにちは、コルキ
19,Text,,Paopao,炮炮,炮炮,パオパオ
20,Text,,Investigation,推理,推理,推理
21,Text,,Solve,破案,破案,解決
